{"cameraMode":{"drawMode":0,"name":"Shaded","section":"Shading Mode"},"sceneLighting":true,"audioPlay":false,"sceneViewState":{"m_AlwaysRefresh":false,"showFog":true,"showSkybox":true,"showFlares":true,"showImageEffects":true,"showParticleSystems":true,"showVisualEffectGraphs":true,"m_FxEnabled":true},"in2DMode":false,"pivot":{"x":44.65144348144531,"y":31.058271408081056,"z":-62.617828369140628},"rotation":{"x":-0.11136352270841599,"y":-0.1388339102268219,"z":0.016672533005475999,"w":-0.9841823577880859},"size":3.7307045459747316,"orthographic":false}