{"cameraMode":{"drawMode":0,"name":"Shaded","section":"Shading Mode"},"sceneLighting":true,"audioPlay":false,"sceneViewState":{"m_AlwaysRefresh":false,"showFog":true,"showSkybox":true,"showFlares":true,"showImageEffects":true,"showParticleSystems":true,"showVisualEffectGraphs":true,"m_FxEnabled":true},"in2DMode":false,"pivot":{"x":28.364131927490236,"y":18.152456283569337,"z":-28.514163970947267},"rotation":{"x":0.05153188481926918,"y":0.6864827275276184,"z":0.04978363588452339,"w":-0.7239435315132141},"size":16.18933868408203,"orthographic":false}